{
  "time": {
    "rtime": {
      "sum": 7.086701641000001,
      "avg": 1.7716754102500003,
      "min": 1.283982315,
      "p10": 1.284169372,
      "median": 1.2844703690000001,
      "p75": 2.2591814485,
      "max": 3.2337785880000003,
      "count": 4
    },
    "utime": {
      "sum": 2.1474299999999995,
      "avg": 0.5368574999999999,
      "min": 5.9000000000000025e-05,
      "p10": 0.35789150000000003,
      "median": 0.7157614999999999,
      "p75": 0.7158234999999999,
      "max": 0.7158479999999999,
      "count": 4
    },
    "stime": {
      "sum": 0.243126,
      "avg": 0.0607815,
      "min": 0.00037399999999999933,
      "p10": 0.040515999999999996,
      "median": 0.0808075,
      "p75": 0.08104700000000001,
      "max": 0.081137,
      "count": 4
    },
    "cutime": {
      "sum": 7.21486,
      "avg": 1.803715,
      "min": 1.109465,
      "p10": 1.109465,
      "median": 1.109465,
      "p75": 2.4979649999999998,
      "max": 3.886465,
      "count": 4
    },
    "cstime": {
      "sum": 0.610393,
      "avg": 0.15259825,
      "min": 0.06644799999999999,
      "p10": 0.06644799999999999,
      "median": 0.06644799999999999,
      "p75": 0.2387485,
      "max": 0.411049,
      "count": 4
    }
  },
  "mem": {
    "minor_gb": {
      "sum": 0.7432649582624435,
      "avg": 0.24775498608748117,
      "min": 0.24770521372556686,
      "p10": 0.24772929772734642,
      "median": 0.24775338172912598,
      "p75": 0.24777987226843834,
      "max": 0.2478063628077507,
      "count": 3
    },
    "promoted_gb": {
      "sum": 0.12490937858819962,
      "avg": 0.04163645952939987,
      "min": 0.04163645952939987,
      "p10": 0.04163645952939987,
      "median": 0.04163645952939987,
      "p75": 0.04163645952939987,
      "max": 0.04163645952939987,
      "count": 3
    },
    "major_gb": {
      "sum": 0.18372919410467148,
      "avg": 0.06124306470155716,
      "min": 0.06124306470155716,
      "p10": 0.06124306470155716,
      "median": 0.06124306470155716,
      "p75": 0.06124306470155716,
      "max": 0.06124306470155716,
      "count": 3
    },
    "allocated_gb": {
      "sum": 0.8020847737789154,
      "avg": 0.2673615912596385,
      "min": 0.26731181889772415,
      "p10": 0.2673359028995037,
      "median": 0.26735998690128326,
      "p75": 0.2673864774405956,
      "max": 0.267412967979908,
      "count": 3
    },
    "minor_collections": {
      "sum": 330.0,
      "avg": 110.0,
      "min": 110.0,
      "p10": 110.0,
      "median": 110.0,
      "p75": 110.0,
      "max": 110.0,
      "count": 3
    },
    "major_collections": {
      "sum": 21.0,
      "avg": 7.0,
      "min": 7.0,
      "p10": 7.0,
      "median": 7.0,
      "p75": 7.0,
      "max": 7.0,
      "count": 3
    },
    "compactions": {
      "sum": 0.0,
      "avg": 0.0,
      "min": 0.0,
      "p10": 0.0,
      "median": 0.0,
      "p75": 0.0,
      "max": 0.0,
      "count": 3
    },
    "top_heap_gb": {
      "sum": 0.15680694580078125,
      "avg": 0.05226898193359375,
      "min": 0.05226898193359375,
      "p10": 0.05226898193359375,
      "median": 0.05226898193359375,
      "p75": 0.05226898193359375,
      "max": 0.05226898193359375,
      "count": 3
    },
    "stack_kb": {
      "sum": 1.359375,
      "avg": 0.453125,
      "min": 0.453125,
      "p10": 0.453125,
      "median": 0.453125,
      "p75": 0.453125,
      "max": 0.453125,
      "count": 3
    },
    "minor_heap_kb": {
      "sum": 24576.0,
      "avg": 8192.0,
      "min": 8192.0,
      "p10": 8192.0,
      "median": 8192.0,
      "p75": 8192.0,
      "max": 8192.0,
      "count": 3
    }
  }
}