{
  "time": {
    "rtime": 3.2337785880000003,
    "utime": 5.9000000000000025e-05,
    "stime": 0.00037399999999999933,
    "cutime": 3.886465,
    "cstime": 0.411049
  }
}