{
  "time": {
    "rtime": 1.284584309,
    "utime": 0.7158479999999999,
    "stime": 0.081137,
    "cutime": 1.109465,
    "cstime": 0.06644799999999999
  },
  "mem": {
    "minor_gb": 0.2478063628077507,
    "promoted_gb": 0.04163645952939987,
    "major_gb": 0.06124306470155716,
    "allocated_gb": 0.267412967979908,
    "minor_collections": 110,
    "major_collections": 7,
    "compactions": 0,
    "top_heap_gb": 0.05226898193359375,
    "stack_kb": 0.453125,
    "minor_heap_kb": 8192.0
  }
}