{
  "time": {
    "rtime": {
      "sum": 0.0016539880000000001,
      "avg": 0.0016539880000000001,
      "min": 0.0016539880000000001,
      "p10": 0.0016539880000000001,
      "median": 0.0016539880000000001,
      "p75": 0.0016539880000000001,
      "max": 0.0016539880000000001,
      "count": 1
    },
    "utime": {
      "sum": 0.0006009999999999974,
      "avg": 0.0006009999999999974,
      "min": 0.0006009999999999974,
      "p10": 0.0006009999999999974,
      "median": 0.0006009999999999974,
      "p75": 0.0006009999999999974,
      "max": 0.0006009999999999974,
      "count": 1
    },
    "stime": {
      "sum": 0.0010519999999999974,
      "avg": 0.0010519999999999974,
      "min": 0.0010519999999999974,
      "p10": 0.0010519999999999974,
      "median": 0.0010519999999999974,
      "p75": 0.0010519999999999974,
      "max": 0.0010519999999999974,
      "count": 1
    },
    "cutime": {
      "sum": 0.0,
      "avg": 0.0,
      "min": 0.0,
      "p10": 0.0,
      "median": 0.0,
      "p75": 0.0,
      "max": 0.0,
      "count": 1
    },
    "cstime": {
      "sum": 0.0,
      "avg": 0.0,
      "min": 0.0,
      "p10": 0.0,
      "median": 0.0,
      "p75": 0.0,
      "max": 0.0,
      "count": 1
    }
  }
}