{
  "time": {
    "rtime": 0.0016539880000000001,
    "utime": 0.0006009999999999974,
    "stime": 0.0010519999999999974,
    "cutime": 0.0,
    "cstime": 0.0
  }
}