{
  "time": {
    "rtime": {
      "sum": 15.484166099,
      "avg": 3.87104152475,
      "min": 2.4030528230000003,
      "p10": 2.9574097115000004,
      "median": 3.705691175,
      "p75": 4.784673338,
      "max": 5.669730926000001,
      "count": 4
    },
    "utime": {
      "sum": 0.8236110000000001,
      "avg": 0.20590275000000002,
      "min": 0.015413000000000003,
      "p10": 0.057161500000000004,
      "median": 0.14379150000000002,
      "p75": 0.354644,
      "max": 0.520615,
      "count": 4
    },
    "stime": {
      "sum": 0.47040300000000007,
      "avg": 0.11760075000000002,
      "min": 0.012094999999999998,
      "p10": 0.0318665,
      "median": 0.079582,
      "p75": 0.20333500000000002,
      "max": 0.299144,
      "count": 4
    },
    "cutime": {
      "sum": 0.8397829999999997,
      "avg": 0.20994574999999993,
      "min": 0.0,
      "p10": 0.0,
      "median": 0.0,
      "p75": 0.41989149999999986,
      "max": 0.8397829999999997,
      "count": 4
    },
    "cstime": {
      "sum": 0.47927099999999995,
      "avg": 0.11981774999999999,
      "min": 0.0,
      "p10": 0.0,
      "median": 0.0,
      "p75": 0.23963549999999997,
      "max": 0.47927099999999995,
      "count": 4
    }
  },
  "mem": {
    "minor_gb": {
      "sum": 1.4173906072974205,
      "avg": 0.47246353576580685,
      "min": 0.1778755560517311,
      "p10": 0.2583410516381264,
      "median": 0.33880654722452164,
      "p75": 0.6197575256228447,
      "max": 0.9007085040211678,
      "count": 3
    },
    "promoted_gb": {
      "sum": 0.010828748345375061,
      "avg": 0.003609582781791687,
      "min": 0.002973601222038269,
      "p10": 0.0031476691365242004,
      "median": 0.003321737051010132,
      "p75": 0.003927573561668396,
      "max": 0.00453341007232666,
      "count": 3
    },
    "major_gb": {
      "sum": 0.06552731245756149,
      "avg": 0.021842437485853832,
      "min": 0.011713497340679169,
      "p10": 0.013581003993749619,
      "median": 0.015448510646820068,
      "p75": 0.026906907558441162,
      "max": 0.038365304470062256,
      "count": 3
    },
    "allocated_gb": {
      "sum": 1.472089171409607,
      "avg": 0.49069639046986896,
      "min": 0.186615452170372,
      "p10": 0.2687743864953518,
      "median": 0.3509333208203316,
      "p75": 0.6427368596196175,
      "max": 0.9345403984189034,
      "count": 3
    },
    "minor_collections": {
      "sum": 214.0,
      "avg": 71.33333333333333,
      "min": 30.0,
      "p10": 41.5,
      "median": 53.0,
      "p75": 92.0,
      "max": 131.0,
      "count": 3
    },
    "major_collections": {
      "sum": 41.0,
      "avg": 13.666666666666666,
      "min": 6.0,
      "p10": 8.5,
      "median": 11.0,
      "p75": 17.5,
      "max": 24.0,
      "count": 3
    },
    "compactions": {
      "sum": 0.0,
      "avg": 0.0,
      "min": 0.0,
      "p10": 0.0,
      "median": 0.0,
      "p75": 0.0,
      "max": 0.0,
      "count": 3
    },
    "top_heap_gb": {
      "sum": 0.028202056884765625,
      "avg": 0.009400685628255209,
      "min": 0.008487701416015625,
      "p10": 0.008487701416015625,
      "median": 0.008487701416015625,
      "p75": 0.009857177734375,
      "max": 0.011226654052734375,
      "count": 3
    },
    "stack_kb": {
      "sum": 2.8125,
      "avg": 0.9375,
      "min": 0.9375,
      "p10": 0.9375,
      "median": 0.9375,
      "p75": 0.9375,
      "max": 0.9375,
      "count": 3
    },
    "minor_heap_kb": {
      "sum": 24576.0,
      "avg": 8192.0,
      "min": 8192.0,
      "p10": 8192.0,
      "median": 8192.0,
      "p75": 8192.0,
      "max": 8192.0,
      "count": 3
    }
  }
}