{
  "time": {
    "rtime": 5.669730926000001,
    "utime": 0.520615,
    "stime": 0.299144,
    "cutime": 0.0,
    "cstime": 0.0
  },
  "mem": {
    "minor_gb": 0.9007085040211678,
    "promoted_gb": 0.00453341007232666,
    "major_gb": 0.038365304470062256,
    "allocated_gb": 0.9345403984189034,
    "minor_collections": 131,
    "major_collections": 24,
    "compactions": 0,
    "top_heap_gb": 0.011226654052734375,
    "stack_kb": 0.9375,
    "minor_heap_kb": 8192.0
  }
}