{
  "time": {
    "rtime": 3.5117666,
    "utime": 0.09891,
    "stime": 0.051638,
    "cutime": 0.0,
    "cstime": 0.0
  },
  "mem": {
    "minor_gb": 0.1778755560517311,
    "promoted_gb": 0.002973601222038269,
    "major_gb": 0.011713497340679169,
    "allocated_gb": 0.186615452170372,
    "minor_collections": 30,
    "major_collections": 6,
    "compactions": 0,
    "top_heap_gb": 0.008487701416015625,
    "stack_kb": 0.9375,
    "minor_heap_kb": 8192.0
  }
}