{
  "time": {
    "rtime": 3.89961575,
    "utime": 0.188673,
    "stime": 0.107526,
    "cutime": 0.0,
    "cstime": 0.0
  },
  "mem": {
    "minor_gb": 0.33880654722452164,
    "promoted_gb": 0.003321737051010132,
    "major_gb": 0.015448510646820068,
    "allocated_gb": 0.3509333208203316,
    "minor_collections": 53,
    "major_collections": 11,
    "compactions": 0,
    "top_heap_gb": 0.008487701416015625,
    "stack_kb": 0.9375,
    "minor_heap_kb": 8192.0
  }
}