{
  "time": {
    "rtime": 2.4030528230000003,
    "utime": 0.015413000000000003,
    "stime": 0.012094999999999998,
    "cutime": 0.8397829999999997,
    "cstime": 0.47927099999999995
  }
}